PW (V),SSA,PV,PS,ID/IG,N%,O%,Capacitance (F/g)
0.8,0.68,0.72,4.0,1.62,0.0,10.75,100.0
0.8,1.38,1.2,1.0,1.3,0.0,9.0,160.0
1.0,0.38,0.51,5.4,1.15,1.53,3.1,227.0
1.0,2.01,1.6,0.55,1.12,0.1,6.27,319.0
1.0,0.34,1.6,0.62,1.38,0.0,1.54,7.86
1.0,0.3,1.5,0.62,1.25,0.0,3.67,19.9
1.0,0.34,1.59,0.62,1.22,0.54,1.8,22.2
1.0,0.34,1.34,0.62,1.03,1.02,2.85,29.7
1.0,0.34,1.6,0.62,1.38,0.0,1.54,2.59
1.0,0.3,1.5,0.62,1.25,0.0,3.67,34.6
1.0,0.34,1.59,0.62,1.22,0.54,1.8,10.6
1.0,0.34,1.34,0.62,1.03,1.02,2.85,29.6
1.0,0.52,0.38,2.92,1.0,7.3,10.7,273.0
1.0,1.22,0.46,1.51,1.0,6.3,15.2,556.0
1.0,1.41,0.73,2.08,1.0,4.2,13.6,420.0
1.0,1.84,1.17,2.54,1.0,0.0,4.5,180.0
1.0,0.52,0.38,2.92,1.0,7.3,10.7,227.0
1.0,1.22,0.46,1.51,1.0,6.3,15.2,525.0
1.0,1.41,0.73,2.08,1.0,4.2,13.6,409.0
1.0,1.84,1.17,2.54,1.0,0.0,4.5,182.0
1.0,0.12,1.1,35.34,0.81,0.0,10.1,112.0
1.0,0.43,2.8,26.21,1.12,0.0,8.19,143.0
1.0,1.22,5.3,17.39,1.73,0.0,3.95,291.0
0.9,0.31,0.26,3.33,0.78,1.2,5.6,125.0
0.9,1.59,1.01,2.54,0.84,5.3,9.3,240.4
0.9,2.67,1.46,2.19,0.81,1.1,10.9,279.1
0.9,2.86,1.25,1.75,0.83,2.2,11.1,386.2
0.9,3.25,1.72,2.11,0.86,0.9,7.1,365.9
1.2,0.01,0.0018,0.91,0.68,0.6,1.9,2.1
1.2,0.54,0.25,1.84,0.89,1.2,8.5,221.3
0.8,4.07,2.26,2.22,1.12,0.55,17.88,225.0
1.0,0.0014,0.015,0.55,0.88,8.76,4.24,189.0
1.0,0.0014,0.015,0.55,0.88,8.76,4.24,270.0
0.9,1.59,0.7,1.9,0.93,5.27,21.0,419.0
0.9,3.05,1.6,2.3,0.94,2.28,10.0,352.0
0.9,3.07,2.0,2.8,0.98,1.67,7.0,312.0
0.8,1.59,0.7,1.9,0.93,5.27,21.0,350.0
0.8,3.05,1.6,2.3,0.94,2.28,10.0,330.0
0.8,3.07,2.0,2.8,0.98,1.67,7.0,255.0
0.9,1.13,0.58,1.9,0.85,0.89,9.25,198.2
0.9,1.36,0.74,2.8,0.87,0.08,8.11,217.2
0.9,1.83,1.05,2.5,0.84,0.37,6.34,238.2
1.0,0.15,0.09,2.4,1.16,1.49,7.33,12.0
1.0,0.76,0.51,2.68,1.22,3.9,9.48,150.0
1.0,0.58,1.07,7.31,1.25,0.92,7.38,148.0
1.0,0.95,1.39,5.89,1.34,5.59,6.91,260.0
1.0,0.81,0.68,3.38,1.51,8.34,9.24,323.0
1.0,1.26,0.56,0.8,1.01,9.2,15.5,236.0
1.0,1.8,0.8,1.1,0.98,6.5,15.8,285.0
1.0,2.69,1.2,1.1,1.02,3.4,17.5,263.0
1.0,1.44,0.82,0.9,0.91,0.6,11.9,248.0
1.0,1.29,0.59,1.83,0.88,0.6,3.3,289.0
1.0,1.36,0.62,1.83,0.9,0.7,4.4,354.0
1.0,1.66,0.78,1.88,0.94,0.7,4.7,420.0
1.0,1.01,0.52,2.0,0.96,7.18,6.57,277.0
1.0,1.24,0.67,2.1,1.02,5.72,6.05,292.0
1.0,1.64,0.89,2.2,1.45,4.36,5.29,302.0
0.9,0.28,1.28,18.15,1.1,0.0,0.0,81.5
0.9,1.0,0.79,3.17,1.72,10.19,4.34,157.1
0.9,0.64,0.53,2.22,1.53,10.97,4.74,198.6
0.9,0.88,0.57,2.57,1.53,10.08,3.52,229.0
0.9,0.93,0.64,2.74,1.53,10.45,2.49,302.2
1.0,1.32,0.88,1.33,1.02,1.17,8.1,159.0
1.0,1.42,1.56,2.22,1.01,1.99,10.13,190.0
1.0,1.68,1.57,1.86,1.01,1.15,4.43,224.0
1.0,2.39,1.36,3.53,0.8,0.0,8.3,294.0
1.0,2.8,1.58,3.39,0.84,0.95,7.1,360.0
1.0,3.0,1.62,2.56,0.86,1.7,5.79,390.0
1.0,0.85,0.44,5.18,0.92,1.45,25.07,220.0
1.0,0.89,0.61,4.02,0.8,0.96,18.74,272.0
1.0,0.88,0.54,3.98,0.78,1.02,15.88,250.0
1.0,1.78,0.99,4.44,0.92,2.65,16.34,306.5
0.8,2.91,4.34,0.62,0.94,1.95,8.6,374.7
1.0,0.36,0.25,2.74,1.1,15.9,1.6,449.0
1.0,0.39,0.25,2.57,1.1,16.8,2.3,476.0
1.0,0.45,0.28,2.54,1.04,8.0,6.4,385.0
1.0,1.35,0.9,2.6,0.91,9.0,8.5,190.0
1.0,2.5,1.7,2.7,0.94,6.3,9.2,341.0
1.0,2.36,1.3,2.2,0.88,8.5,8.0,260.0
1.0,0.19,0.88,4.01,1.0,3.2,11.3,290.0
1.0,0.17,0.68,3.95,0.5,2.9,6.4,270.0
1.0,1.41,1.4,3.96,0.88,3.47,12.7,289.0
1.0,0.65,0.49,4.38,0.67,5.89,8.63,243.0
1.0,0.77,0.68,0.5,2.95,0.0,3.6,142.0
1.0,1.77,1.45,0.5,2.5,0.0,3.6,220.0
0.9,2.34,1.32,2.6,1.0,1.1,11.0,315.0
1.0,2.03,0.98,2.0,0.99,0.8,5.6,374.0
1.0,2.31,1.2,2.15,0.98,1.4,4.5,355.0
1.0,1.74,0.79,1.81,0.88,1.0,6.3,266.0
0.9,1.01,0.62,0.6,0.85,0.0,7.3,147.2
0.9,1.55,0.81,0.6,0.86,0.0,8.5,175.2
0.9,0.94,0.44,1.9,1.15,2.06,23.32,232.0
0.9,1.18,0.55,1.89,1.27,1.88,21.89,267.0
0.9,1.73,0.86,1.97,1.38,1.64,18.98,304.0
0.9,1.84,1.05,2.25,1.78,1.39,17.14,187.0
0.9,1.55,0.94,2.36,2.35,1.09,15.24,204.0
1.0,0.44,1.6,4.0,0.93,12.05,6.06,345.0
1.0,0.42,0.68,4.0,1.03,7.85,5.35,307.0
1.0,0.38,1.97,4.0,1.18,3.63,4.94,250.0
1.0,1.57,2.59,11.5,1.04,20.55,4.3,275.0
1.0,1.51,2.49,11.5,1.05,16.44,4.55,290.0
1.0,1.56,2.56,11.5,0.97,14.51,5.51,432.0
1.0,1.76,0.91,0.48,1.25,1.5,15.83,311.0
1.0,1.57,0.87,2.22,1.0,8.2,20.5,287.0
1.0,2.0,0.94,2.0,0.92,3.06,12.33,312.0
0.9,0.65,0.31,0.77,0.79,2.51,13.28,340.0
0.9,0.95,0.55,0.81,0.82,1.39,9.95,309.0
0.9,1.59,0.78,1.06,0.84,0.95,5.55,253.0
1.0,0.44,0.33,0.76,0.95,5.31,5.33,288.0
1.0,2.0,1.96,4.5,0.94,8.77,5.98,322.0
1.0,0.45,0.94,4.1,0.93,7.84,6.25,225.0
1.0,0.31,1.7,2.5,2.8,3.4,7.6,335.0
1.0,0.32,1.6,2.0,2.5,3.8,7.1,374.0
1.0,0.3,2.4,3.0,4.0,1.1,8.6,475.0
1.0,0.3,1.6,1.5,3.2,1.0,12.1,451.0
1.0,1.05,0.61,2.33,1.03,17.0,6.2,255.0
1.0,1.61,1.51,1.5,1.02,4.8,6.8,347.0
1.0,0.71,0.73,0.67,0.78,3.7,8.5,271.5
1.0,1.25,1.02,0.67,0.82,1.6,8.5,211.6
1.0,1.54,1.19,1.3,0.83,0.7,9.3,242.2
1.0,1.85,1.44,1.3,0.85,0.2,4.6,260.3
0.79,0.98,0.55,4.04,1.49,0.0,10.36,99.8
0.46,0.73,0.79,3.99,1.75,0.08,10.79,91.66
0.58,0.37,0.57,3.88,1.47,0.0,10.96,99.99
0.7,0.59,0.36,4.17,1.86,0.41,10.71,88.52
0.74,1.42,1.18,1.14,1.18,0.38,9.03,156.91
0.94,1.16,1.11,1.06,1.3,0.08,8.86,157.45
0.81,1.32,1.36,0.84,1.28,0.0,8.86,171.24
0.72,1.36,1.12,0.88,1.03,0.1,8.83,160.39
1.15,0.39,0.52,5.48,0.95,1.68,3.13,222.26
1.07,0.53,0.44,5.29,1.32,1.56,3.07,231.15
1.11,0.32,0.54,5.29,1.11,1.5,2.99,231.64
1.0,0.47,0.43,5.4,1.24,1.48,3.04,217.75
0.88,1.93,1.58,0.71,0.97,0.0,6.43,321.93
1.01,1.91,1.54,0.6,1.2,0.24,6.2,322.7
0.97,1.91,1.51,0.58,1.22,0.11,6.27,317.2
1.02,2.01,1.74,0.53,1.28,0.06,6.26,319.83
1.0,0.35,1.56,0.68,1.37,0.0,1.56,9.15
1.01,0.3,1.64,0.6,1.34,0.02,1.57,-1.72
0.97,0.35,1.56,0.58,1.43,-0.0,1.61,6.66
1.02,0.32,1.6,0.65,1.35,0.0,1.52,5.33
1.01,0.35,1.47,0.6,1.25,0.09,3.57,29.97
0.93,0.38,1.6,0.61,1.37,0.0,3.7,21.76
1.02,0.27,1.5,0.52,1.13,0.0,3.76,25.26
0.94,0.3,1.43,0.64,1.25,-0.0,3.72,20.25
0.97,0.33,1.61,0.6,1.21,0.54,1.79,18.81
0.96,0.37,1.63,0.66,1.22,0.55,1.83,17.63
1.02,0.34,1.57,0.6,1.22,0.52,1.79,23.11
0.97,0.31,1.6,0.61,1.21,0.56,1.76,19.85
1.06,0.34,1.34,0.63,1.02,1.03,2.83,24.73
1.0,0.34,1.34,0.64,1.11,1.02,2.85,24.84
1.02,0.31,1.36,0.61,1.08,0.97,2.84,26.29
0.95,0.34,1.34,0.64,1.03,1.05,2.87,32.73
1.01,0.32,1.57,0.6,1.36,0.01,1.53,9.27
1.01,0.37,1.64,0.6,1.41,0.0,1.51,-0.68
0.96,0.34,1.58,0.68,1.39,0.0,1.55,-5.76
0.96,0.4,1.6,0.61,1.43,0.02,1.59,7.49
0.96,0.27,1.44,0.57,1.24,0.0,3.65,32.24
0.96,0.21,1.57,0.65,1.37,0.0,3.66,44.59
0.98,0.29,1.43,0.52,1.33,0.0,3.69,32.68
0.9,0.37,1.44,0.53,1.34,0.0,3.69,32.79
1.01,0.35,1.53,0.58,1.2,0.52,1.82,16.49
1.04,0.31,1.58,0.6,1.24,0.52,1.82,12.74
1.03,0.33,1.57,0.62,1.25,0.51,1.79,6.18
0.99,0.39,1.52,0.67,1.2,0.58,1.79,12.79
0.99,0.32,1.32,0.61,1.08,1.06,2.79,26.22
1.07,0.34,1.4,0.56,1.02,1.01,2.79,25.63
1.02,0.36,1.35,0.66,1.11,1.1,2.86,28.59
1.02,0.33,1.31,0.59,1.06,1.07,2.86,34.78
1.05,0.83,0.31,3.14,1.42,7.18,10.87,273.45
1.08,0.57,0.64,2.84,0.87,7.33,10.52,271.03
0.94,0.56,0.54,2.95,1.39,7.19,10.64,268.15
0.97,0.29,0.39,2.75,1.38,7.15,10.62,271.74
0.99,0.99,0.33,1.72,1.37,6.21,15.29,555.95
0.88,0.91,0.7,1.08,1.11,6.55,15.1,557.13
0.76,1.21,0.83,1.94,0.44,6.76,15.54,547.78
1.36,0.94,0.36,2.0,0.72,6.23,15.36,565.71
0.79,1.04,0.79,2.35,0.57,3.73,13.17,427.77
1.02,1.23,0.62,2.27,1.04,4.06,14.02,413.5
1.26,1.05,0.91,1.72,1.1,4.21,13.4,427.05
1.18,1.51,1.03,2.25,1.22,4.02,13.74,411.76
0.89,1.88,1.3,2.62,1.0,0.0,4.38,187.21
1.02,1.83,1.12,2.54,1.03,0.07,4.43,181.97
0.99,1.72,1.19,2.45,0.9,0.01,4.57,174.18
1.0,1.86,1.16,2.44,0.98,0.0,4.4,187.7
1.0,0.38,0.58,2.54,1.08,7.44,10.57,234.0
0.85,0.56,0.73,2.93,1.08,7.01,10.33,217.26
0.89,0.33,0.08,2.54,0.77,6.81,10.51,225.6
1.32,0.47,0.34,3.08,0.87,6.99,10.41,229.45
1.31,1.05,0.21,2.12,1.06,6.62,15.64,521.6
1.0,1.42,0.13,1.66,1.08,6.31,14.71,522.92
0.87,1.26,0.08,1.59,0.7,6.3,15.03,525.45
1.32,0.79,0.78,1.42,1.1,6.35,14.85,526.59
1.41,1.74,0.98,2.35,1.3,3.73,13.59,417.32
0.79,1.51,1.05,2.12,1.13,4.27,13.61,414.85
1.15,1.14,1.01,1.99,0.72,4.56,13.29,415.76
1.24,0.99,0.66,2.17,0.62,4.14,13.78,414.25
1.02,1.8,1.23,2.56,1.04,0.0,4.48,177.11
1.01,1.78,1.18,2.61,1.0,0.0,4.59,186.09
0.84,1.87,1.19,2.61,1.06,0.0,4.63,182.48
0.99,1.83,1.23,2.64,0.99,-0.0,4.45,189.24
1.76,0.1,2.35,35.64,1.16,0.48,9.18,108.36
0.71,0.17,1.39,35.0,-0.58,0.54,11.02,110.66
1.3,-0.27,0.08,35.94,0.97,0.76,10.67,119.83
1.3,0.64,0.14,34.99,0.9,0.26,10.97,109.37
1.38,0.86,2.58,25.84,1.86,0.0,7.86,148.96
1.87,0.1,2.27,26.44,1.27,0.0,8.6,133.02
1.2,-0.15,2.51,26.65,1.87,0.0,7.53,138.85
0.23,0.32,2.65,26.45,0.96,0.0,7.8,143.56
1.1,0.51,4.83,18.21,2.17,0.0,3.63,291.79
1.31,1.4,5.47,17.41,2.19,0.16,3.55,285.18
1.39,1.32,5.9,17.44,1.58,0.0,4.41,302.14
0.96,1.66,4.68,17.43,1.57,0.0,4.66,287.61
0.94,0.27,0.35,3.31,0.69,1.17,5.64,120.38
0.76,0.32,0.34,3.32,0.72,1.14,5.53,121.98
0.85,0.43,0.27,3.38,0.79,1.3,5.55,123.19
0.97,0.27,0.38,3.29,0.82,1.34,5.7,128.17
1.01,1.46,0.53,2.46,0.94,5.34,9.14,235.69
1.03,1.42,1.05,2.59,0.79,5.26,9.29,250.96
0.96,1.67,1.01,2.69,0.41,5.61,8.95,242.49
0.81,1.35,0.69,2.82,0.85,5.47,9.19,239.09
0.94,2.89,1.42,2.29,0.99,1.16,10.63,280.1
0.67,2.94,1.41,1.91,0.68,1.06,11.12,285.48
1.07,2.48,1.3,2.11,0.68,0.93,10.99,269.59
1.04,2.64,1.53,2.36,0.97,0.81,10.91,276.6
0.99,2.85,1.48,1.65,1.03,2.06,11.14,381.89
0.75,2.99,1.34,1.75,0.71,2.28,11.17,375.66
0.84,2.99,1.16,1.84,1.18,2.12,11.24,381.49
0.72,3.08,0.95,1.85,1.11,2.28,11.04,383.84
0.81,3.23,1.66,2.42,0.88,0.96,7.01,365.63
0.71,3.39,1.6,2.06,0.81,0.9,6.92,361.92
0.89,3.63,1.77,2.12,0.71,1.0,7.26,374.26
0.79,3.39,1.68,2.12,0.98,0.9,7.14,361.5
1.19,0.02,-0.08,0.89,0.64,0.62,1.88,-2.71
1.22,-0.02,-0.03,0.89,0.7,0.56,1.92,-7.61
1.16,0.04,-0.01,0.87,0.68,0.59,1.94,-0.36
1.12,0.06,0.02,0.91,0.69,0.6,1.9,-1.4
1.18,0.56,0.04,1.81,0.7,1.29,8.14,216.04
1.25,0.23,0.26,1.85,0.98,1.35,8.6,219.81
1.14,0.55,0.2,1.84,0.81,1.36,8.41,213.35
1.06,0.45,0.28,2.06,0.61,1.37,8.48,214.81
1.14,4.17,2.1,3.04,0.93,0.06,17.75,219.38
1.44,4.39,2.02,2.17,1.33,0.79,17.45,229.13
1.24,4.75,2.35,1.89,1.11,0.64,18.23,219.57
1.06,4.21,2.18,1.95,1.11,0.63,18.11,230.35
1.07,-0.28,0.06,0.59,0.54,8.91,4.22,183.82
0.83,-0.09,0.22,0.36,1.05,8.74,4.35,188.17
1.01,-0.06,-0.0,0.58,1.03,8.8,4.22,186.55
1.22,0.38,0.14,0.49,0.7,8.79,4.19,189.54
0.83,-0.17,0.17,0.66,0.98,8.85,4.4,272.59
1.08,-0.16,0.08,0.55,0.87,8.72,4.18,272.69
0.98,0.26,0.01,0.7,0.91,8.62,4.25,276.88
0.9,0.11,0.04,0.57,0.76,8.73,4.04,264.02
0.44,2.08,1.08,1.91,0.71,5.27,21.42,420.02
0.54,1.54,1.25,1.68,0.61,5.25,21.02,420.61
1.28,1.24,0.31,2.02,1.42,5.27,20.74,431.95
0.5,1.06,0.92,2.51,0.52,5.17,20.76,423.11
0.92,3.41,1.7,2.12,1.03,2.19,10.05,359.63
0.92,2.8,1.56,2.63,0.97,2.31,9.77,358.25
1.15,3.25,1.52,2.12,0.88,2.4,9.77,344.75
1.14,3.12,1.47,2.39,0.83,2.1,9.96,352.65
0.91,3.18,1.99,2.85,0.93,1.64,6.86,305.85
0.92,3.06,2.17,2.81,0.95,1.7,6.92,307.01
0.98,3.14,2.05,2.83,1.02,1.61,7.0,309.95
0.78,3.13,1.98,2.75,1.01,1.58,7.15,301.92
1.02,2.01,0.65,1.2,0.24,5.17,21.5,349.28
1.28,1.24,0.09,1.53,1.35,5.13,21.21,345.93
0.32,1.62,0.67,1.61,0.84,5.07,20.96,352.88
0.88,1.57,0.28,2.19,0.1,5.86,20.46,357.11
0.6,3.19,1.8,2.07,0.91,2.7,10.13,341.04
0.72,3.09,1.55,2.39,0.75,2.19,10.05,330.6
0.29,3.0,1.57,2.52,0.81,2.45,10.05,324.02
0.88,2.76,1.62,2.39,1.01,2.18,10.31,333.46
0.77,3.11,1.79,2.89,1.03,1.72,6.97,246.9
0.8,3.03,2.23,2.69,1.07,1.63,6.95,256.45
0.65,3.18,2.17,2.8,0.91,1.63,7.06,251.3
0.8,3.04,2.04,2.91,1.05,1.37,6.81,248.72
0.72,1.31,0.87,2.1,0.9,0.75,9.44,202.98
0.98,0.95,0.7,1.96,1.03,1.31,9.15,188.79
0.81,0.92,0.62,2.06,1.13,0.81,9.12,195.05
1.12,1.1,0.65,1.89,0.98,0.85,9.25,209.56
0.98,1.41,0.86,2.91,1.08,0.09,8.39,211.07
1.04,1.34,0.68,3.02,0.75,0.4,8.13,218.05
0.71,1.37,0.8,2.84,0.8,0.2,7.99,218.99
0.92,1.27,0.75,3.02,0.85,0.04,8.02,212.1
0.76,1.71,0.98,2.46,0.87,0.53,6.41,238.3
0.7,1.83,0.99,2.47,0.84,0.51,6.36,233.37
0.92,1.93,1.09,2.8,0.84,0.44,6.47,232.42
0.64,1.85,1.07,2.41,0.7,0.49,6.25,225.39
1.3,0.23,-0.01,2.66,1.24,1.43,7.55,5.05
1.0,0.18,0.16,2.18,1.32,1.48,7.34,12.81
1.04,0.05,-0.09,2.62,0.9,1.43,7.36,12.09
1.04,0.05,0.21,2.46,1.11,1.32,7.37,9.0
0.84,0.68,0.66,2.77,1.2,3.87,9.33,154.52
0.93,0.77,0.65,2.8,1.0,3.94,9.65,156.25
1.04,0.43,0.63,2.8,1.24,3.83,9.29,152.96
1.18,0.47,0.33,2.48,1.24,3.82,9.35,147.98
1.04,0.66,1.23,7.43,0.9,0.8,7.51,140.16
1.24,0.78,0.96,7.49,0.94,1.02,7.42,151.19
0.96,0.44,0.92,7.12,1.31,0.81,7.45,146.24
0.85,0.3,1.22,7.24,1.04,0.93,7.26,143.45
0.84,0.83,1.65,5.82,1.46,5.75,7.02,254.68
1.18,1.05,1.75,5.82,1.37,5.64,6.82,265.78
1.26,0.76,1.59,6.08,1.28,5.71,6.83,262.35
0.96,0.99,1.4,5.95,1.62,5.57,7.05,267.14
0.84,0.75,0.85,3.38,1.69,8.05,9.49,323.1
0.78,0.2,0.77,3.18,1.47,8.35,9.37,312.55
1.04,0.62,0.71,3.38,1.3,8.24,9.15,324.33
1.1,0.67,0.38,3.44,1.51,8.34,8.95,330.14
0.66,1.26,0.68,0.9,0.9,8.98,15.95,238.27
0.59,0.93,1.15,0.72,0.85,8.75,15.8,226.85
0.94,1.65,0.67,0.38,1.05,9.04,15.47,238.82
0.7,1.19,0.66,1.58,1.25,9.44,14.89,237.02
1.2,1.79,1.18,0.85,1.34,6.28,15.1,280.46
1.08,1.62,0.85,0.93,1.31,6.69,15.44,281.31
0.77,1.63,0.82,1.01,0.67,6.29,15.94,294.81
0.86,1.94,0.68,0.78,1.09,6.93,16.22,277.31
0.56,2.61,0.98,1.36,1.44,3.56,17.64,261.0
1.22,3.09,1.46,0.97,0.62,4.04,17.65,257.0
0.87,2.74,1.05,1.02,1.09,3.49,17.61,267.28
1.01,2.23,0.79,1.42,1.13,3.52,18.09,262.96
0.77,1.47,0.47,0.57,0.67,0.17,11.77,249.69
0.79,1.39,1.06,0.65,1.2,0.88,11.97,251.36
1.28,1.18,0.74,1.13,0.51,0.82,12.21,245.23
1.0,1.06,1.06,0.74,0.74,0.9,11.84,254.8
0.92,1.24,0.61,1.82,0.84,0.6,3.32,285.11
0.98,1.34,0.53,1.86,0.87,0.59,3.35,281.47
1.06,1.31,0.64,1.83,0.89,0.62,3.34,290.88
1.01,1.19,0.6,1.88,0.84,0.52,3.27,299.4
1.09,1.32,0.62,1.78,0.93,0.64,4.37,346.02
0.98,1.24,0.61,1.81,1.04,0.71,4.46,351.36
1.01,1.42,0.49,1.72,0.83,0.65,4.52,357.9
1.06,1.32,0.71,1.79,0.97,0.66,4.36,341.6
1.02,1.54,0.85,1.87,0.82,0.69,4.76,425.26
1.12,1.74,0.9,1.79,1.01,0.66,4.73,413.94
0.89,1.72,0.78,1.88,0.84,0.69,4.63,424.75
1.14,1.5,0.62,1.93,0.98,0.81,4.74,420.95
1.0,0.95,0.32,1.99,0.84,7.14,6.59,277.77
0.91,1.1,0.48,2.06,1.12,7.04,6.51,273.45
1.11,1.14,0.68,1.86,0.85,7.14,6.52,265.4
1.06,1.21,0.6,2.03,0.93,7.15,6.43,277.27
0.94,1.45,0.74,1.86,0.95,5.8,5.92,297.08
1.06,1.21,0.52,2.07,0.97,5.55,6.16,288.11
1.18,1.31,0.65,2.15,1.12,5.72,5.98,293.61
1.02,1.35,0.53,2.03,0.96,5.76,5.9,285.16
0.98,1.67,0.85,2.33,1.43,4.39,5.22,297.65
1.0,1.68,0.85,2.15,1.52,4.3,5.19,301.94
1.11,1.65,0.97,2.12,1.46,4.51,5.32,292.87
1.08,1.71,1.0,2.2,1.45,4.35,5.41,306.77
0.35,-0.15,1.1,17.47,1.1,0.39,0.6,74.96
1.68,0.75,0.88,18.27,0.67,0.0,-0.07,79.02
0.74,0.06,1.01,18.34,0.88,0.34,-0.25,86.49
1.05,0.28,1.01,18.13,0.79,0.31,0.09,82.52
0.89,0.82,0.86,2.94,1.74,10.62,4.57,159.31
0.98,0.84,0.99,3.23,1.58,10.01,4.31,161.01
0.37,1.0,0.57,3.4,1.98,10.13,4.68,154.73
0.92,0.91,0.74,3.37,1.77,10.42,4.14,159.31
0.81,0.62,0.69,2.12,1.47,10.95,4.35,198.17
1.07,0.59,0.73,1.87,1.88,10.88,4.7,193.28
0.98,0.83,0.47,2.53,1.4,10.9,5.24,190.0
1.0,0.56,0.8,2.07,1.53,10.74,4.83,199.16
0.67,0.79,0.47,2.76,1.69,9.98,3.4,230.56
0.58,0.63,0.08,2.74,1.58,10.23,3.33,226.05
0.79,1.17,0.66,2.66,1.49,9.86,3.58,221.04
0.86,0.66,0.46,2.63,1.54,9.83,3.57,221.62
1.14,1.02,0.38,2.91,1.38,10.2,2.34,302.07
1.02,0.77,0.62,2.32,1.38,10.15,2.26,308.65
0.97,0.9,0.59,2.85,1.62,10.56,2.71,292.71
0.77,0.92,0.54,2.48,1.34,10.65,2.83,297.48
0.93,1.51,0.93,1.34,1.19,1.16,8.19,162.92
0.92,1.29,1.05,1.21,1.17,1.19,8.02,169.16
0.93,1.52,0.97,1.31,1.02,1.01,8.09,160.85
1.16,1.64,0.94,1.22,0.84,1.3,8.11,151.44
1.19,1.62,1.98,2.11,0.99,1.8,9.93,187.26
0.97,1.74,1.53,2.15,1.14,1.71,10.43,192.14
0.98,1.47,1.57,2.36,1.05,1.98,10.13,191.27
1.22,1.36,1.38,2.31,0.71,1.92,10.07,185.72
1.06,1.65,1.65,1.85,0.99,1.23,4.39,222.47
0.97,1.69,1.57,1.8,0.93,1.16,4.43,213.49
1.09,1.71,1.54,1.8,0.98,1.11,4.41,224.21
0.97,1.56,1.57,1.89,0.99,1.07,4.39,228.32
0.94,2.51,1.54,3.75,0.75,0.17,8.31,294.31
1.11,2.16,1.48,3.6,0.56,0.0,8.03,287.43
1.14,2.18,1.38,3.47,0.77,0.0,7.99,296.8
1.01,2.29,1.44,3.42,0.66,0.28,8.19,287.03
0.87,2.63,1.65,3.57,0.82,0.98,7.27,350.37
1.11,2.77,1.67,3.54,0.82,0.95,7.11,356.71
1.12,2.7,1.53,3.55,1.01,0.86,7.34,361.1
1.09,2.74,1.67,3.26,0.7,1.02,7.21,364.0
0.99,2.97,1.65,2.67,0.95,1.78,5.79,383.24
0.99,3.02,1.71,2.57,0.89,1.79,5.77,384.34
0.95,3.01,1.56,2.47,0.84,1.8,5.64,399.97
1.0,3.03,1.52,2.3,0.73,1.8,5.89,391.24
1.56,0.92,-0.2,5.24,0.75,1.28,25.3,222.92
0.96,0.68,0.97,4.16,1.12,1.54,24.85,222.64
-0.37,0.87,0.38,4.59,0.58,0.93,25.21,211.25
1.4,1.23,0.29,4.91,0.61,1.09,24.84,226.42
1.02,1.37,0.33,3.43,0.74,0.87,18.59,265.33
1.03,0.62,0.46,4.03,1.09,0.89,18.21,273.71
0.93,1.16,0.56,4.11,0.72,1.85,19.42,273.66
0.95,0.79,0.84,3.88,1.0,1.17,17.93,275.19
1.22,1.38,0.72,4.26,1.09,1.35,15.75,246.07
1.61,0.72,0.76,3.84,0.98,0.96,15.63,251.23
1.76,1.21,0.5,3.59,1.09,0.52,15.82,254.92
0.87,0.7,0.02,3.53,0.87,0.85,15.61,247.27
0.89,1.92,1.29,4.32,0.94,2.4,16.36,312.86
1.23,1.46,1.07,4.12,1.03,2.0,16.3,301.71
0.41,1.93,1.42,4.47,0.78,2.74,16.42,300.42
1.27,1.94,0.67,4.37,0.84,2.56,16.3,307.55
0.76,2.79,4.39,0.41,1.08,1.9,8.49,368.9
0.72,2.82,4.29,0.61,1.25,1.91,8.79,373.08
0.84,2.97,4.42,0.6,0.88,1.88,8.57,380.77
0.8,2.89,4.36,0.57,0.88,1.79,8.57,370.51
0.97,0.57,0.4,2.97,1.53,15.74,1.79,447.64
1.38,0.38,0.04,2.75,1.13,15.8,2.44,455.99
0.97,0.23,0.29,2.37,1.53,15.56,1.48,446.93
0.88,0.36,0.04,2.82,1.61,16.12,1.44,455.15
0.9,0.69,0.05,3.05,1.64,16.77,2.32,478.11
0.95,-0.0,0.52,1.97,1.44,17.04,2.67,478.2
0.82,1.19,0.9,2.82,1.33,16.82,2.56,467.9
1.38,0.11,0.33,2.19,0.49,17.04,2.37,472.32
1.22,0.52,0.56,2.89,0.87,7.81,6.48,390.76
1.12,0.37,0.27,2.74,1.0,8.07,6.49,371.31
1.01,0.45,0.41,2.21,1.09,7.88,6.49,374.12
0.99,0.82,0.36,2.42,0.87,8.09,6.28,379.19
0.95,1.19,0.61,2.89,1.16,8.83,8.82,175.57
1.22,1.75,1.02,2.54,1.05,8.74,8.74,183.1
1.11,1.11,0.95,2.59,0.82,8.65,8.23,199.06
0.87,1.31,0.87,2.6,0.93,9.12,8.52,193.64
1.0,2.46,1.91,2.78,1.2,6.28,9.32,342.94
1.26,2.87,1.67,2.62,0.72,6.25,9.29,340.84
1.37,2.35,1.72,2.59,1.26,6.25,9.18,350.64
1.23,2.67,1.71,2.78,1.2,6.38,9.09,345.0
0.83,2.65,1.24,2.38,0.69,8.56,8.04,258.37
1.07,2.46,1.44,2.36,0.67,8.44,8.07,263.52
1.26,2.44,1.42,2.38,1.02,8.55,8.07,267.2
0.85,2.44,1.34,2.03,0.51,8.78,8.13,243.43
1.09,0.37,0.66,4.11,0.88,3.07,10.98,286.27
1.1,0.22,0.89,4.12,1.09,2.84,11.32,285.84
1.14,0.12,0.64,4.07,0.98,3.35,11.33,289.71
0.94,0.08,1.09,3.84,1.05,3.39,11.04,284.23
1.1,0.22,0.72,3.72,0.58,2.99,6.32,272.82
1.06,0.4,0.87,3.96,0.47,2.93,6.44,266.64
1.24,0.26,0.73,3.97,0.65,2.97,6.16,264.07
0.87,0.07,0.68,3.88,0.33,2.8,6.43,269.86
1.18,1.66,1.09,4.04,1.08,3.47,12.81,293.82
0.72,1.81,1.74,4.32,0.71,3.31,12.89,295.18
1.26,1.28,1.67,3.96,0.93,3.07,12.34,285.8
0.64,1.03,1.74,4.05,0.82,3.42,12.32,287.22
0.96,0.97,0.57,4.22,0.71,5.87,8.78,250.61
1.02,0.85,0.61,4.36,0.67,5.67,8.9,246.34
1.1,0.53,0.37,4.11,0.55,5.68,8.9,243.3
1.06,0.62,0.8,4.09,0.47,5.82,8.6,249.37
1.04,0.63,0.61,0.46,2.96,0.0,3.58,137.25
1.09,0.72,0.65,0.58,2.87,0.16,3.63,147.57
1.02,0.79,0.7,0.53,2.93,0.0,3.71,142.91
0.96,0.88,0.75,0.38,2.9,0.0,3.57,147.06
0.89,1.7,1.47,0.45,2.43,0.03,3.53,219.33
1.0,1.81,1.54,0.54,2.53,0.0,3.54,222.89
1.08,1.76,1.49,0.44,2.71,0.0,3.54,213.76
0.99,1.7,1.36,0.49,2.47,0.0,3.55,232.18
1.06,2.34,1.3,2.56,1.21,0.92,11.16,309.81
0.8,2.4,1.65,3.04,1.1,1.11,11.01,313.32
0.37,2.26,1.28,2.7,0.66,0.63,11.0,303.25
1.13,2.52,1.61,2.91,0.89,1.17,10.74,314.59
0.91,2.03,0.99,2.02,1.0,0.68,5.61,375.35
1.05,2.02,0.79,2.01,1.05,0.79,5.55,381.07
0.98,1.97,0.89,2.16,0.95,0.82,5.44,385.57
0.92,1.92,1.08,2.08,0.99,0.89,5.59,375.74
0.99,2.28,1.22,2.02,0.97,1.47,4.48,353.65
0.93,2.3,1.26,2.16,1.12,1.32,4.44,354.65
1.02,2.2,1.21,2.17,1.02,1.42,4.61,347.64
0.93,2.39,1.2,2.11,1.01,1.28,4.57,351.28
1.01,1.54,0.9,1.8,1.0,0.92,6.29,262.78
0.94,1.86,0.71,1.73,0.83,1.11,6.45,279.38
1.03,1.84,0.84,1.72,0.96,1.0,6.2,264.01
0.91,1.78,0.75,1.73,0.87,1.08,6.12,268.56
0.86,1.03,0.56,0.67,0.77,0.1,7.43,138.75
0.93,1.06,0.43,0.44,1.0,0.0,7.36,140.86
0.86,1.1,0.62,0.48,0.76,0.12,7.15,140.88
1.03,1.04,0.8,0.4,0.89,0.0,7.38,145.34
0.83,1.6,0.84,0.73,1.21,-0.0,8.67,163.69
1.19,1.42,0.79,0.3,0.99,0.18,8.49,175.43
0.97,1.55,0.37,0.46,0.51,0.12,8.37,171.89
1.14,1.63,0.9,0.57,1.0,0.04,8.59,170.65
1.06,0.36,-0.03,1.16,0.78,1.63,22.81,225.43
1.14,0.91,0.1,1.68,1.43,2.54,23.03,230.79
0.55,0.74,0.5,1.85,1.38,2.41,23.55,231.61
1.24,0.87,0.91,2.54,1.0,1.71,22.86,227.18
0.63,1.31,1.53,0.75,1.6,1.87,21.8,261.03
0.47,0.86,0.79,2.31,1.52,2.31,22.46,268.56
0.52,1.11,0.69,1.3,0.94,1.81,21.83,262.66
1.05,0.98,0.4,1.89,0.61,1.93,21.76,261.58
1.06,1.9,1.1,1.3,1.39,1.61,19.29,304.37
1.05,1.88,1.0,2.33,1.65,1.8,19.23,307.25
1.7,1.06,0.7,2.31,0.78,1.52,18.75,303.22
0.87,1.87,0.77,1.96,1.03,1.99,18.88,309.78
1.33,2.12,1.3,2.07,2.0,1.64,17.12,185.88
0.6,1.78,1.14,2.16,1.44,1.14,17.14,180.51
0.96,1.73,1.07,1.94,1.47,1.0,16.5,183.58
1.02,2.6827,1.1948,1.22,1.01,3.38,16.87,264.59
0.68,1.7706,0.9576,2.51,0.85,0.67,6.55,242.02
0.35,-0.1347,1.0841,17.79,1.1,0.1,0.27,78.7
0.6,1.8169,1.1703,2.17,1.44,1.17,17.62,180.91
1.08,0.2899,0.842,3.9,0.46,3.33,6.3,264.8
0.89,1.8663,1.2659,4.17,0.92,2.44,16.06,302.84
0.99,0.4061,1.2789,0.85,1.08,0.97,2.61,33.58
0.98,1.6592,0.8295,2.44,1.42,4.31,4.62,300.89
1.22,3.191,1.4949,0.89,0.6,4.2,17.76,259.46
1.0,0.3114,2.4254,3.02,4.01,1.2,7.99,471.35
0.67,2.9032,1.4395,2.11,0.66,0.71,11.15,280.09
0.94,1.0727,0.42,0.72,0.98,-0.14,6.92,138.68
0.89,1.2506,0.5736,1.58,0.89,0.58,3.55,289.27
1.0,0.4327,0.3705,0.3,0.94,5.36,5.25,299.93
1.01,0.286,1.3123,0.65,1.14,1.02,2.69,35.71
0.99,1.058,0.3832,1.67,1.38,6.08,15.56,558.4
0.88,2.7021,1.0165,0.61,1.11,3.47,17.86,277.22
1.05,0.4129,0.5934,2.47,1.27,3.62,9.14,141.62
0.81,1.5466,1.0513,2.31,1.16,4.16,13.82,414.91
0.62,1.8355,0.9536,2.42,0.73,0.46,6.09,214.22
1.19,0.4664,0.369,2.3,1.23,3.82,9.56,149.4
0.57,2.5766,0.9822,1.55,1.45,3.53,17.9,265.08
0.91,2.8115,1.5494,2.67,1.02,2.27,9.6,356.49
1.04,0.8585,0.2921,2.97,1.41,7.27,11.4,272.52
1.0,0.8594,0.4769,5.45,0.9,1.6,25.17,222.98
0.91,3.3615,1.6532,2.32,1.04,2.14,10.04,365.49
1.09,1.6322,0.8823,0.83,1.33,6.88,15.07,278.81
1.12,0.0228,0.0702,0.76,0.73,0.69,1.93,-4.05
0.99,0.5061,0.3063,0.66,0.96,5.08,5.5,295.67
1.27,1.9286,0.6771,4.44,0.84,2.5,16.41,309.4
1.0,0.3246,1.6034,1.69,3.19,0.94,11.93,454.39
1.01,0.6161,1.0286,7.16,1.27,0.74,7.58,156.62
0.99,0.3693,1.5979,0.65,1.25,0.51,2.6,21.91
1.02,0.8319,0.622,3.76,1.5,8.51,9.46,314.15
1.0,0.8717,0.6009,4.15,0.8,0.96,18.93,271.65
1.0,0.1462,1.089,35.22,0.8,0.05,10.89,108.82
0.97,0.2125,1.4727,0.82,1.24,-0.19,3.89,21.66
1.24,0.7202,0.9519,7.25,0.94,1.15,7.38,153.68
1.0,3.0792,1.5233,2.22,0.77,1.67,5.42,397.03
1.02,0.6762,0.6376,2.14,1.39,10.58,2.44,308.93
1.0,0.416,1.7598,2.48,2.77,3.32,7.5,341.17
0.59,0.4296,0.5357,4.26,1.45,-0.19,10.68,99.12
0.9,0.7184,0.0949,3.37,1.68,16.8,2.43,474.43
0.97,1.9993,0.89,2.04,0.93,0.49,5.57,390.71
1.07,0.5392,0.5012,5.38,1.31,1.68,2.75,225.94
1.21,1.3732,0.6961,4.01,1.1,1.42,15.36,244.68
1.24,0.8249,0.9554,2.63,1.02,1.94,22.6,224.87
1.0,1.2542,0.5101,1.18,1.0,6.66,15.31,518.57
1.22,0.3773,0.1532,0.49,0.68,8.55,4.47,197.9
0.8,1.3968,1.2368,0.52,1.31,-0.16,9.54,160.05
0.79,0.9098,0.6456,2.05,1.11,0.47,9.39,190.39
0.95,1.8224,0.6307,2.01,0.82,0.93,6.71,277.31
1.0,1.9889,0.9577,2.17,0.98,1.05,4.82,371.77
0.9,0.9448,0.6452,2.84,1.52,10.44,2.01,309.3
0.81,1.3313,1.3099,0.95,1.25,0.05,8.26,159.95
0.65,3.2446,2.145,2.68,0.91,1.73,7.07,243.84
1.0,0.8172,0.4932,4.15,0.8,1.34,16.16,248.0
1.02,0.8731,0.6302,0.47,2.93,-0.11,3.68,143.24
0.99,1.7224,1.2801,2.17,0.91,-0.0,4.07,179.06
0.79,1.0462,0.7522,2.45,0.59,3.67,12.61,421.37
0.97,0.823,0.8055,3.9,1.0,1.26,17.72,275.17
0.86,0.1449,0.7141,3.93,0.33,2.68,6.39,267.67
1.04,1.8399,0.8475,1.15,0.99,0.86,6.1,259.87
1.14,2.2011,1.306,3.27,0.8,0.46,7.87,309.34
1.03,1.5828,0.8055,1.73,0.94,0.86,4.71,413.7
0.97,0.2578,0.0054,0.84,0.91,8.55,4.5,283.31
1.0,1.2639,0.558,0.74,1.03,9.34,15.75,235.34
0.99,0.3159,1.3445,0.99,1.02,1.1,2.99,31.12
0.77,1.0215,0.5817,2.55,1.31,10.49,2.56,295.43
0.38,2.2926,1.2963,2.66,0.65,0.81,11.0,302.88
1.18,1.6464,1.134,4.01,1.13,3.67,12.97,297.18
1.18,0.4758,0.274,2.64,1.29,3.9,9.8,157.46
1.38,0.0958,0.3435,2.07,0.49,17.15,2.24,475.32
1.01,0.0294,0.012,0.84,0.85,8.98,4.74,182.39
1.05,0.4359,0.2348,2.24,0.57,1.63,8.26,215.25
1.07,0.6473,0.7922,4.18,0.47,5.61,8.86,244.05
0.87,0.6451,0.4512,2.98,1.52,10.09,3.53,225.29
0.79,2.8306,4.4384,0.13,1.07,2.04,8.54,366.26
1.21,1.3388,1.437,2.27,0.75,1.95,9.7,190.61
1.01,1.8138,0.8638,0.23,1.22,1.27,15.89,311.42
0.8,1.5932,0.7012,1.91,0.93,5.06,21.03,349.17
0.8,4.0988,2.2257,2.29,1.13,0.77,17.64,219.07
0.95,0.7487,0.8904,3.7,1.04,0.9,18.12,265.46
0.96,2.5635,1.5174,3.77,0.73,-0.05,8.28,296.91
0.92,3.009,2.2218,2.78,0.96,1.56,6.34,306.06
0.91,0.3193,1.5863,1.0,1.38,0.27,3.58,14.98
1.11,1.1541,0.7064,2.16,0.89,7.12,6.37,256.58
1.0,0.2987,1.5838,1.39,3.2,0.82,12.14,456.53
1.14,1.5866,0.986,0.52,1.0,0.13,8.37,176.28
0.96,0.4094,1.6536,0.75,1.19,0.59,1.77,16.43
0.89,2.5529,1.6677,3.73,0.81,0.87,7.21,356.14
0.8,4.0744,2.2681,2.66,1.11,0.36,17.47,240.78
0.38,1.0323,0.6272,3.3,2.0,10.04,4.79,154.79
1.01,0.3081,1.5016,0.4,1.18,0.05,3.73,16.55
1.0,2.5453,1.6998,2.93,0.93,6.43,8.96,341.24
1.0,0.237,1.6249,0.45,1.36,-0.09,1.52,17.32
1.16,1.0643,1.0474,2.16,0.73,4.81,13.76,408.85
0.86,0.7435,0.011,3.58,0.87,0.93,16.04,255.07
1.01,0.8902,0.6387,4.61,0.68,5.15,8.84,242.28
0.92,0.444,1.5292,0.85,1.39,0.03,3.85,17.19
1.08,-0.1593,0.103,0.55,0.87,8.4,4.54,264.62
0.6,0.6718,0.0459,2.95,1.56,10.47,3.39,219.5
0.86,0.2094,0.7577,4.06,0.31,2.65,5.99,258.37
1.02,1.9494,1.7236,0.45,1.31,-0.18,6.47,325.64
0.99,1.9985,1.9356,4.74,0.92,8.65,6.26,318.01
0.99,3.1093,1.5088,2.3,0.74,1.7,5.44,400.15
1.0,0.3492,1.5119,0.81,1.22,0.64,1.79,14.62
0.95,0.3767,0.9262,7.38,1.3,0.7,6.92,145.5
1.02,1.841,1.2314,2.48,1.01,0.14,4.27,181.11
0.78,3.0841,2.0001,2.57,1.01,1.39,7.38,295.15
0.98,0.2136,0.8505,4.41,0.97,3.59,11.57,287.58
1.22,3.1084,1.4874,0.84,0.58,4.16,17.66,251.76
1.2,-0.1738,2.4726,26.01,1.82,0.1,7.59,140.26
0.91,1.1739,0.4583,2.16,1.12,6.95,6.66,271.64
0.5,1.1111,0.9061,1.92,0.53,5.3,20.79,422.96
0.98,1.3635,1.4082,4.0,0.87,3.62,12.94,286.3
0.73,3.0706,1.5407,2.79,0.76,2.42,9.85,334.61
0.77,1.7736,0.9625,2.58,0.91,0.48,6.35,239.02
1.23,4.7701,2.2931,1.56,1.1,0.68,18.33,218.31
1.22,1.3423,1.4617,2.37,0.69,2.07,9.78,171.65
0.99,0.4716,0.3107,0.62,0.92,5.04,5.47,296.55
1.01,1.418,1.5447,2.03,0.99,1.88,10.34,193.06
1.22,3.0333,1.4469,0.94,0.58,4.15,17.4,262.26
1.15,1.6914,0.8679,0.99,0.83,1.34,8.13,143.65
0.98,1.706,0.6868,1.59,0.86,0.74,6.45,266.15
1.0,1.859,1.1366,2.42,0.97,-0.1,4.42,178.63
0.91,1.9784,1.0559,2.78,0.85,0.52,6.59,240.11
0.99,0.3559,0.4951,5.35,1.14,1.89,3.02,223.29
0.9,1.6494,0.707,2.24,0.95,5.62,20.54,415.4
1.05,0.5951,0.7819,4.22,0.49,5.72,8.84,243.1
1.01,1.2266,0.5703,2.0,1.04,3.73,14.13,412.03
1.06,2.4028,1.3038,2.31,1.23,0.81,11.07,311.14
0.64,3.1591,2.2104,3.5,0.92,1.71,7.59,238.76
1.01,0.4213,0.4861,2.72,1.1,7.59,6.6,371.79
1.07,1.8993,1.0949,1.27,1.39,1.48,18.99,304.48
0.77,1.188,0.857,2.08,0.47,6.5,15.74,542.33
0.75,2.7771,4.3633,0.48,1.08,2.34,8.61,374.28
1.24,3.257,1.4839,0.79,0.59,4.1,17.77,256.45
0.99,1.4287,0.1162,1.98,1.07,6.34,14.27,522.82
1.74,1.2532,0.3933,3.74,1.08,0.74,15.76,255.3
0.88,2.5125,1.678,4.03,0.8,0.85,6.92,354.95
1.02,1.8013,1.0976,2.36,1.09,0.09,4.6,171.21
0.87,2.7411,1.0921,0.94,1.11,3.37,17.99,273.91
1.12,2.1741,1.466,3.34,0.55,0.03,8.04,292.77
1.0,0.2809,1.6131,0.6,1.39,-0.1,1.59,9.55
1.04,1.864,0.9542,2.18,1.66,1.9,19.69,308.08
1.0,1.5981,1.5732,1.88,1.04,0.99,4.59,224.28
0.38,2.2721,1.2596,3.05,0.71,0.58,10.78,310.32
0.91,1.896,1.0506,2.94,0.8,0.55,6.11,229.63
1.01,0.0745,1.097,35.13,0.81,0.26,11.43,104.94
0.78,0.8765,0.6412,2.15,1.12,0.26,9.36,191.45
1.23,0.278,0.7074,4.23,0.67,2.85,6.43,268.3
1.0,1.455,0.4988,1.69,0.84,0.44,4.32,359.19
1.15,4.2343,2.0888,3.33,0.92,0.54,17.71,211.03
0.99,0.3676,2.0381,4.0,1.16,3.96,4.75,247.57
1.14,0.8942,0.0772,1.72,1.39,2.46,22.81,231.48
1.19,1.7329,2.0435,2.01,0.99,1.66,10.09,180.79
0.93,3.0356,2.1682,2.94,0.95,1.75,6.8,306.51
0.89,1.1518,0.5864,1.94,0.83,0.95,9.47,206.68
0.93,0.3206,1.3039,0.53,1.02,0.97,2.73,29.83
0.9,1.2479,0.9634,1.01,1.19,1.08,8.37,161.47
0.83,0.8714,1.652,5.39,1.49,5.55,7.1,252.79
0.99,2.4628,1.2595,2.22,0.9,8.63,8.31,249.96
0.94,1.4736,0.838,1.64,1.2,1.27,8.88,168.98
0.64,3.2834,2.1433,2.71,0.9,1.84,7.23,251.52
0.77,3.1214,1.7387,2.99,0.99,1.59,7.36,251.86
1.14,0.3689,0.5463,5.52,0.98,1.78,2.74,221.52
0.99,1.5485,1.555,2.21,1.05,2.24,9.96,182.0
0.77,0.2554,0.3216,3.36,0.7,1.18,5.82,121.96
0.93,1.0715,0.3985,0.59,0.97,-0.4,6.96,137.2
1.0,1.6849,1.581,1.57,1.01,0.86,4.19,217.14
1.08,1.7738,1.5373,1.85,0.99,0.85,4.27,225.99
1.08,0.5363,0.6821,2.9,0.86,7.54,10.35,272.62
0.89,1.8075,1.0824,2.47,0.86,0.16,6.09,231.59
1.01,1.6302,1.4359,1.56,1.05,4.98,6.57,349.35
1.17,1.314,0.6964,2.08,1.15,5.58,6.31,292.75
0.76,1.0165,0.5869,2.27,1.35,10.39,2.75,297.87
0.71,1.1283,0.6166,1.8,1.29,9.26,15.11,227.36
1.0,0.5623,0.3245,2.88,0.99,7.54,10.32,228.41
0.81,0.6369,0.7435,4.13,1.63,0.03,10.76,93.85
0.52,1.1224,0.7807,0.93,0.98,2.12,21.66,258.19
0.99,0.2548,2.4244,3.03,3.96,1.05,8.6,474.52
0.62,1.8022,0.8828,2.37,0.73,0.2,6.41,227.92
1.08,1.6096,0.8202,0.59,1.3,6.94,15.59,277.4
0.82,3.2833,1.7052,2.54,0.9,0.92,7.01,363.88
1.14,2.2508,1.2519,3.02,0.8,0.06,8.36,318.81
0.94,0.377,1.5666,0.45,1.33,0.03,3.59,23.04
0.97,0.3462,1.5421,0.58,1.45,0.24,1.66,0.59
1.0,2.3027,1.4293,3.26,0.68,0.29,8.39,289.42
1.22,0.3465,0.1478,0.39,0.66,8.56,4.88,207.94
1.22,0.3092,0.1585,0.71,0.71,8.55,4.24,210.67
1.15,1.6428,0.9602,0.67,1.05,0.15,8.07,188.5
1.16,1.5799,0.9263,1.32,0.83,1.2,8.59,159.44
1.05,1.0635,0.3274,1.92,0.56,2.15,21.88,262.03
1.09,2.726,1.6595,2.88,0.71,0.92,7.54,359.68
1.01,0.6908,0.6733,1.66,1.41,10.58,2.62,318.43
0.99,1.717,0.9305,2.36,1.45,4.76,4.6,300.64
1.14,0.0557,0.0208,1.19,0.71,0.6,1.92,-7.47
1.02,0.2907,1.4826,0.62,1.27,-0.0,4.38,43.18
0.98,0.2178,1.392,0.96,1.23,-0.54,3.67,25.6
1.05,1.8154,0.9155,1.35,1.03,0.89,6.38,261.09
0.96,1.0049,1.4442,6.13,1.64,5.34,6.97,270.45
1.0,1.2158,0.578,0.61,0.97,9.16,14.81,235.96
1.23,0.4052,0.1453,0.75,0.67,8.96,4.49,202.51
0.89,1.8828,1.2746,4.41,0.89,2.29,16.07,300.59
1.01,1.3722,0.5408,2.58,0.94,5.37,9.04,240.07
1.1,0.1553,0.9096,4.33,1.08,2.69,11.59,283.36
0.36,2.2138,1.3444,2.24,0.66,0.71,10.93,298.66
0.75,1.4414,1.1863,1.34,1.21,0.42,8.75,151.83
1.1,1.2267,0.6752,2.04,0.9,6.81,6.26,257.19
0.96,0.3913,1.5621,0.32,1.44,0.01,1.31,12.99
1.1,1.0743,0.8947,2.29,0.85,8.48,8.32,203.84
1.01,1.5397,2.5805,11.36,1.03,16.42,4.34,283.28
0.57,0.3814,0.4581,3.54,1.45,-0.15,10.86,102.78
0.84,-0.0911,0.2136,0.67,1.08,8.87,4.37,184.25
0.98,1.7302,1.2027,2.62,0.9,0.11,4.7,178.53
1.26,1.9493,0.6712,4.71,0.82,2.79,16.15,310.09
0.99,1.9669,0.8763,1.95,0.94,0.41,5.14,383.53
0.81,1.4512,1.091,2.01,1.15,3.96,13.86,415.28
1.38,0.4318,0.0595,2.89,1.09,15.8,2.79,448.53
0.78,0.1711,0.7467,3.14,1.45,8.17,9.5,302.71
0.83,1.8031,1.2017,2.64,1.04,-0.09,4.78,188.33
0.99,1.2203,0.6459,1.7,1.08,0.45,4.41,355.89
1.15,1.5473,0.9344,1.47,0.82,1.6,8.27,151.72
0.96,2.5105,1.514,3.52,0.75,0.03,8.53,290.39
1.03,0.2772,1.577,0.79,1.26,0.28,1.84,11.36
1.02,0.3201,1.5478,0.38,1.2,0.38,1.88,23.54
0.72,3.1102,0.9213,1.63,1.13,2.43,11.49,379.23
0.98,0.4411,0.3169,0.94,0.99,4.75,5.77,303.68
1.01,2.4168,1.3029,1.93,0.88,8.6,8.26,267.6
1.03,0.3687,1.4202,0.85,1.1,1.17,2.8,22.8
1.04,1.5886,0.7613,1.71,0.94,1.07,4.77,422.02
1.02,0.2525,1.3929,0.56,1.01,0.92,2.82,36.91
1.04,0.4692,0.6022,3.12,1.27,3.61,9.43,167.34
0.93,0.0752,1.1149,4.02,1.06,3.69,10.66,285.25
1.0,1.3295,0.8985,2.58,0.91,9.14,8.33,185.22
1.01,0.7288,0.6095,2.14,1.38,10.26,2.55,302.6
1.27,1.3106,0.0997,1.65,1.37,5.04,21.74,330.32
0.41,1.9479,1.4313,4.88,0.76,2.9,16.7,299.95
1.05,0.3346,-0.0315,0.99,0.76,1.71,23.05,227.98
0.93,3.0454,1.6061,2.41,0.86,2.02,5.45,401.05
0.89,2.7061,1.0281,0.51,1.12,3.65,18.05,282.25
0.68,2.981,1.4185,1.93,0.66,1.1,10.86,286.88
1.08,4.2943,2.1901,1.98,1.13,0.69,17.87,232.54
0.91,0.7673,0.0732,3.15,1.68,17.04,3.06,476.43
0.97,0.219,0.0094,0.69,0.92,8.49,5.11,277.65
1.02,0.3237,1.2785,0.89,1.07,1.17,2.56,26.54
0.97,1.5893,1.5601,1.56,0.99,1.13,4.93,234.76
1.0,0.7588,0.697,0.52,2.94,0.15,3.55,140.41
1.03,0.5812,0.6098,2.03,1.35,10.79,2.43,317.96
0.88,0.3352,0.0832,3.01,1.6,16.05,1.29,456.34
0.58,0.4088,0.4714,3.85,1.45,-0.41,10.49,100.36
0.91,2.2488,1.2426,1.96,1.13,1.53,4.06,352.03
0.99,1.4164,2.5595,11.62,0.96,14.5,5.66,434.77
1.0,1.3372,0.8321,2.96,0.92,8.97,8.5,187.8
0.57,0.426,0.504,4.11,1.41,-0.25,11.18,90.68
1.04,2.6532,1.5215,2.02,0.99,0.64,10.68,270.42
1.14,4.1868,2.093,2.77,0.97,0.11,17.91,213.14
1.01,0.3583,1.5503,0.18,1.17,0.25,3.85,8.51
1.02,0.3741,1.5948,0.52,1.45,-0.06,1.87,1.09
1.01,2.6758,1.1562,1.39,1.01,3.56,16.85,263.01
1.12,1.7545,0.8766,1.93,1.01,0.64,5.07,408.53
0.64,0.9957,1.7801,4.1,0.83,3.59,12.42,287.62
1.01,0.4436,0.2843,0.57,0.95,5.36,5.37,282.08
0.79,3.9767,2.3009,2.04,1.14,0.54,17.56,226.83
0.9,1.6487,0.6533,1.71,0.93,5.43,21.02,416.43
0.97,2.617,1.4972,3.48,0.72,0.05,8.18,294.67
1.24,0.2848,0.6538,3.86,0.67,2.81,5.73,259.94
0.98,1.7119,0.8291,2.79,1.41,4.47,4.62,303.91
0.98,0.8617,0.7765,0.4,2.86,-0.06,3.97,155.48
1.04,0.0415,0.2364,2.53,1.08,1.31,7.09,12.0
0.9,2.0909,0.9295,2.1,0.95,0.59,5.5,376.44
0.84,0.3254,1.1893,7.18,1.08,1.01,7.2,145.09
0.89,1.0657,0.5496,2.38,0.87,1.16,9.83,208.71
0.84,2.8511,4.4402,0.52,0.91,2.13,8.98,381.03
1.02,0.995,0.5631,1.9,0.97,6.98,6.91,280.44
0.74,1.2168,0.8254,1.93,0.44,6.84,15.28,545.14
1.0,0.6475,0.519,4.41,0.72,6.11,8.94,248.65
0.96,0.2245,0.0259,0.78,0.91,8.94,3.92,281.98
1.01,0.4755,1.5803,4.25,0.99,11.94,6.45,335.98
0.95,0.8386,0.856,3.99,0.99,1.14,18.19,272.02
0.8,1.5953,0.7106,2.13,0.93,4.77,21.31,359.13
1.11,2.2071,1.4337,3.86,0.56,0.37,8.07,287.79
0.81,1.341,1.1364,0.74,1.29,0.01,9.23,166.82
1.02,1.8676,1.5004,0.92,1.2,0.68,5.99,319.65
1.06,1.8723,1.1132,1.08,1.39,1.59,19.51,307.1
0.99,0.3056,1.4293,0.74,1.31,0.06,3.68,35.81
1.31,1.3324,5.4172,17.11,2.22,0.12,3.3,289.56
1.15,0.2919,0.4787,5.31,0.94,1.49,2.89,228.42
0.95,1.6381,4.6875,17.32,1.6,0.0,4.69,280.71
1.02,1.0478,0.5374,2.41,1.03,17.2,6.18,251.56
1.22,-0.0321,-0.0031,0.79,0.65,0.44,2.07,-7.84
1.07,0.4663,0.6247,2.87,0.86,7.37,10.84,277.12
0.78,1.0184,0.782,2.5,0.6,3.83,12.36,422.06
1.07,-0.1488,0.0743,0.34,0.87,9.0,4.2,272.74
1.01,0.7552,0.5233,4.57,0.85,1.51,16.35,251.96
1.14,2.1652,1.4369,3.38,0.78,-0.27,8.13,286.33
1.01,1.8981,1.1597,2.48,1.04,0.01,4.43,180.38
0.57,0.3716,0.5487,3.98,1.46,0.13,11.41,99.38
1.1,2.1785,1.4473,3.74,0.55,0.01,7.83,284.55
0.9,1.3358,0.7719,2.74,0.88,0.46,8.21,219.26
0.98,1.1497,0.4859,1.2,1.01,6.17,15.11,559.81
0.88,3.5663,1.701,2.52,0.72,0.96,7.38,369.56
1.01,1.3777,0.8601,1.32,1.06,1.37,7.75,167.08
0.86,0.6487,0.4765,2.74,1.55,10.02,3.62,217.45
0.91,1.8668,1.037,2.32,1.81,1.39,17.23,197.76
0.88,1.6173,0.2594,1.86,0.11,5.64,20.12,358.22
0.65,1.0141,1.7754,4.03,0.81,3.27,12.0,287.61
0.76,2.7865,4.408,0.22,1.07,1.52,8.1,363.24
0.95,0.3919,0.879,6.93,1.36,0.96,7.11,142.59
1.12,0.5038,0.3889,4.48,0.59,5.71,8.86,239.36
1.18,0.5072,0.2877,2.02,1.2,3.66,9.04,150.95
1.07,-0.1864,0.0562,0.5,0.93,8.74,3.85,273.76
1.02,0.8379,0.6732,0.62,2.95,-0.44,3.94,148.34
0.9,1.5892,0.8063,1.01,0.79,1.03,5.45,255.93
0.81,0.5493,0.7266,2.1,1.5,10.78,4.23,194.39
1.01,1.5081,2.4879,11.55,1.06,16.67,4.75,283.53
1.09,1.7898,1.5149,0.62,2.71,0.44,3.89,209.3
1.03,0.3164,1.5546,0.81,1.37,0.2,1.61,4.56
1.03,1.4845,0.9393,2.11,0.83,0.75,4.81,430.68
0.96,1.0205,0.5959,4.46,0.69,5.95,8.69,243.12
0.82,1.1944,0.9586,3.04,1.33,16.85,2.72,462.4
1.0,1.5217,0.8955,2.75,0.99,8.52,20.2,292.22
1.0,1.3997,0.5213,1.81,0.86,0.99,3.01,280.0
1.08,0.553,0.7342,2.08,1.87,10.54,4.47,192.3
0.99,1.525,1.3956,0.91,2.47,0.06,3.38,228.58
0.89,2.9227,1.2561,1.72,0.81,2.23,11.24,394.25
0.99,0.9337,0.357,2.1,0.81,7.21,6.29,281.51
0.9,1.3535,0.7746,3.16,0.85,0.11,8.18,205.29
1.23,0.3409,0.1623,0.15,0.7,8.7,4.39,196.11
1.24,2.7631,1.7361,2.99,1.25,6.27,8.93,337.37
1.01,0.8043,0.7073,3.46,1.52,8.32,9.25,325.86
1.01,0.2334,0.1797,2.11,1.34,1.55,7.67,21.43
0.79,3.0142,2.004,2.44,0.95,1.48,7.04,260.37
1.31,1.4691,5.5391,17.57,2.18,0.39,3.27,285.38
1.0,0.5967,1.0016,6.87,1.3,1.05,7.43,158.34
0.9,1.577,0.8058,0.96,0.84,0.97,5.54,251.32
1.06,2.5041,1.3101,2.24,0.71,0.97,11.27,279.9
1.29,-0.2993,0.0607,36.25,0.97,0.91,10.39,105.39
1.06,0.3796,-0.0843,1.15,0.75,1.77,22.78,208.62
1.12,0.3625,0.3538,2.32,1.01,8.07,5.89,378.31
1.16,1.052,1.0703,2.3,0.72,4.56,13.48,404.59
1.01,0.3708,1.624,0.66,1.33,0.03,1.33,-3.61
1.01,1.3191,0.9212,2.1,0.88,9.45,8.56,189.05
1.26,1.9434,0.6824,4.38,0.81,2.7,16.69,308.54
1.01,0.3083,1.9571,3.75,1.14,3.8,5.49,262.36
1.04,1.2583,0.5142,1.81,0.97,5.34,5.71,294.12
1.0,0.5931,1.0657,6.99,1.29,0.77,7.14,155.37
1.01,0.5133,0.3997,0.61,0.95,5.23,5.47,302.67
1.11,2.7339,1.7066,3.39,0.81,1.07,6.88,361.32
1.07,1.809,0.9829,2.01,1.44,4.4,6.08,307.77
1.09,1.6875,0.8544,0.86,1.31,6.81,14.99,277.17
1.08,0.3282,0.7041,3.67,0.45,3.54,6.03,276.0
0.76,2.9493,1.3177,2.06,0.72,2.31,11.31,376.98
1.09,-0.128,0.0538,0.42,0.87,8.68,4.44,266.16
0.77,3.4244,1.6325,2.17,1.02,0.87,6.93,354.35
1.01,0.1301,0.7443,3.74,0.49,3.02,6.24,275.09
0.9,1.0102,0.5543,0.89,0.85,1.34,10.63,304.68
0.99,1.4573,1.3327,3.85,0.95,3.7,12.81,292.7
0.92,2.3015,1.2825,2.46,1.1,1.32,4.43,359.15
0.43,2.0948,1.0666,1.89,0.7,5.45,21.39,422.68
1.0,1.5921,1.5242,1.24,1.08,5.17,6.33,347.77
0.9,1.0437,0.5597,2.07,1.13,7.5,6.71,280.19
1.0,0.3838,1.5982,0.03,1.38,0.13,0.98,0.67
0.98,0.8295,0.3579,2.11,0.87,7.6,6.48,371.63
0.59,0.8766,1.1393,1.01,0.84,9.15,15.44,223.7
0.92,0.4201,1.5512,0.51,1.36,0.07,3.19,17.24
0.98,1.5918,2.5912,11.45,1.03,20.1,4.18,275.65
1.25,4.7835,2.4014,1.85,1.14,0.6,18.27,216.66
0.88,1.8833,1.2694,2.94,0.99,0.28,4.27,189.14
0.83,2.75,1.2267,2.31,0.69,8.76,8.1,254.38
0.96,1.7615,0.6011,2.39,0.78,0.99,6.47,280.23
1.07,0.4055,0.8823,4.18,0.49,3.05,6.4,262.31
0.8,4.0477,2.2068,1.71,1.12,0.4,17.73,234.48
0.93,1.639,0.6916,0.16,1.04,9.01,15.27,242.5
1.14,3.1488,1.4815,2.33,0.76,1.98,10.04,358.42
1.1,1.1648,0.651,2.12,0.89,7.09,6.72,257.52
0.75,2.748,4.4355,0.67,1.1,2.01,8.39,373.22
1.34,2.1246,1.2532,2.3,2.02,1.53,16.77,185.95
0.91,3.3216,1.643,2.76,1.01,2.27,10.32,351.85
0.9,1.3541,0.7186,3.08,0.85,-0.06,8.05,214.88
0.91,1.7248,0.8173,1.73,0.88,1.2,6.11,270.83
1.7,1.0201,0.6991,2.37,0.77,1.7,18.78,303.13
1.0,0.1871,1.0517,35.57,0.81,0.11,10.67,105.12
1.03,0.3381,1.2754,0.83,1.08,0.96,2.55,34.51
0.88,1.2323,0.0105,1.28,0.7,6.39,15.05,527.24
1.01,1.2208,5.2906,17.5,1.73,-0.16,4.14,283.92
1.18,0.5776,0.0269,1.75,0.71,1.2,8.06,216.98
1.02,0.2792,1.63,0.77,1.34,0.04,1.06,11.67
1.19,-0.1611,2.4894,26.62,1.86,-0.22,7.16,139.34
0.61,1.8088,0.948,2.5,0.73,0.25,5.95,201.38
0.95,0.4903,0.945,7.02,1.35,0.56,6.94,139.27
1.15,0.15,0.714,4.1,0.96,3.06,11.07,297.72
0.99,1.0136,0.6539,2.27,1.04,17.09,6.35,254.75
1.02,1.8125,1.1485,2.31,1.0,-0.09,4.71,184.55
0.91,0.365,1.4101,0.62,1.33,-0.18,3.79,30.38
1.09,1.7377,1.0336,2.86,1.45,4.32,5.48,300.46
0.8,0.8753,0.6639,1.93,1.14,0.92,9.4,187.88
0.99,0.3114,0.0567,0.63,0.91,8.84,4.19,287.68
0.33,1.5957,0.7189,1.91,0.82,4.81,21.11,354.43
1.31,-0.2337,0.1235,35.96,1.02,0.76,10.38,121.64
1.09,1.6806,0.9212,1.12,1.31,6.65,15.26,273.6
1.01,1.5448,2.6105,11.84,1.03,20.63,4.98,278.34
0.8,1.6164,0.6588,2.07,0.94,5.1,21.34,342.99
0.64,1.0523,1.7143,3.77,0.8,3.29,12.73,283.73
0.97,1.8489,1.0453,1.77,1.47,0.99,16.28,178.9
1.14,3.198,1.442,2.49,0.79,1.97,9.77,355.24
1.0,0.7197,0.6865,0.51,2.92,-0.15,2.89,151.63
0.99,0.3645,1.5069,0.62,1.37,-0.16,1.89,-0.64
1.0,0.5611,0.4375,3.33,1.06,7.33,10.83,235.58
1.28,1.2479,0.2832,2.19,1.41,5.19,20.96,435.72
0.99,1.7079,1.5776,1.74,1.07,1.01,4.53,221.22
1.07,0.3816,0.236,2.48,0.58,1.69,8.66,215.71
0.4,2.2966,1.3795,2.54,0.66,0.51,10.78,300.69
1.86,0.0834,2.2054,26.68,1.29,0.12,8.62,138.12
1.01,0.4558,0.4177,2.46,1.12,7.97,6.41,374.45
1.03,0.3613,1.3549,1.11,1.11,1.26,2.94,39.56
1.27,1.2135,0.2882,2.1,1.42,5.67,20.25,432.81
1.01,1.1398,0.5817,0.46,0.98,9.0,15.49,243.38
1.0,0.4315,0.3039,0.69,0.98,5.37,5.09,292.2
1.04,0.6806,0.5976,0.5,2.98,-0.15,3.51,143.32
0.97,1.8773,1.1652,2.43,1.0,-0.19,4.28,184.56
1.0,1.5829,2.548,11.74,1.04,20.58,3.9,278.84
1.01,0.501,0.4195,1.89,1.08,7.62,6.66,376.19
0.99,1.0631,0.3871,1.63,1.33,6.12,15.3,559.41
1.28,1.2745,0.3746,1.95,1.42,5.04,20.88,432.64
1.0,1.3379,0.5659,1.87,0.9,0.56,4.51,355.73
1.0,0.4178,1.9893,4.13,1.2,3.46,5.2,248.2
1.17,0.481,0.3576,2.37,1.25,3.6,9.53,151.82
0.8,3.0751,1.9978,2.92,1.0,1.67,6.93,302.57
1.01,0.4166,0.3634,0.48,0.97,5.32,5.51,285.91
0.85,1.9988,0.6726,0.45,1.06,6.58,16.53,282.42
1.23,2.7153,1.6991,2.56,1.21,6.72,8.88,346.41
1.0,0.2687,1.6727,1.52,3.14,0.9,12.1,447.53
1.01,1.4118,1.5794,2.51,1.02,1.73,9.95,192.92
0.98,0.3535,1.5739,0.97,1.23,0.59,2.37,16.85
1.02,0.2929,1.5123,0.19,1.21,0.68,1.85,20.89
0.9,3.0604,1.6471,2.85,0.95,2.72,9.82,347.54
1.0,1.8307,0.9395,0.59,1.26,1.43,15.92,319.16
0.98,0.3917,1.5877,0.5,1.22,0.37,1.86,8.31
0.8,1.3942,1.1464,0.93,1.36,0.17,8.65,163.42
1.01,0.3584,1.3657,0.67,1.13,1.12,2.57,20.81
0.99,1.0534,1.0485,0.58,0.79,0.98,11.97,251.33
0.94,3.0855,2.1013,2.78,0.98,1.75,6.92,297.18
1.03,0.5708,0.6758,0.07,2.99,-0.02,3.47,146.37
0.98,0.4238,1.5157,0.78,1.18,0.51,1.33,19.05
1.07,0.705,0.8218,4.16,0.45,5.89,8.32,262.44
1.0,0.9718,1.3862,6.11,1.35,5.6,6.85,267.24
0.9,1.788,1.2589,3.83,0.96,2.39,15.82,305.09
0.98,1.6188,0.8572,3.19,1.39,4.28,5.11,302.78
1.09,2.7482,1.658,3.15,0.73,1.36,7.07,363.38
0.99,0.9805,0.5744,3.92,0.81,1.05,15.51,250.09
0.9,1.2605,0.7118,2.66,0.87,0.02,8.45,211.05
1.0,1.2832,0.4916,1.1,1.04,9.46,15.48,231.71
0.46,0.8175,0.7424,2.28,1.56,2.43,22.41,270.45
1.0,2.3869,1.314,3.53,0.75,-0.2,8.32,294.73
1.01,0.4975,0.3937,1.95,1.08,8.07,6.4,375.93
1.01,0.3973,2.8049,26.1,1.14,0.2,8.69,134.55
0.88,0.0606,0.6703,3.83,0.37,2.82,6.96,274.19
1.0,0.4283,0.3848,0.51,0.97,5.57,5.75,288.16
0.9,1.0161,0.6463,0.31,0.85,0.34,7.28,152.9
1.03,1.568,0.801,1.52,0.91,0.84,4.92,413.85
1.25,0.6431,1.5745,6.22,1.3,5.69,6.35,253.12
1.11,0.4885,4.8144,18.43,2.2,0.28,3.8,305.76
0.86,1.2275,0.164,1.4,0.71,6.17,15.0,529.14
0.99,0.3489,1.6662,0.7,1.32,0.17,1.55,-0.11
0.99,0.3476,1.3747,0.73,1.09,0.99,2.8,20.13
1.01,1.48,0.8599,1.77,0.83,0.43,4.67,430.18
0.4,1.9536,1.4332,4.85,0.77,2.77,16.18,305.78
0.96,0.1457,0.2773,2.76,1.53,15.6,1.5,443.45
1.12,2.1197,1.5066,3.7,0.53,-0.25,7.61,288.38
0.8,3.0775,2.2906,2.42,1.06,1.35,6.53,254.64
0.87,0.8652,0.6686,0.77,1.12,6.59,14.82,539.66
1.27,1.9504,0.652,4.36,0.84,2.29,16.49,311.25
0.94,1.4728,0.7488,1.61,0.95,5.98,6.04,302.75
1.07,0.5217,0.4968,4.85,1.28,1.96,2.52,228.87
0.96,0.3602,1.5792,0.65,1.19,0.84,1.86,16.54
1.01,1.435,0.7558,1.86,1.0,4.48,13.79,416.68
1.01,2.2154,1.4175,2.87,0.65,0.31,7.46,279.03
0.98,0.3043,0.4375,2.78,1.38,7.0,10.52,275.48
1.12,0.1673,0.8341,4.27,1.09,2.78,11.6,282.26
0.93,1.8827,1.0695,2.0,1.01,1.05,5.86,367.37
1.05,1.6359,1.6252,1.84,0.99,1.22,4.3,221.44
1.27,1.2776,0.0365,1.45,1.37,5.4,21.33,345.26
1.01,1.3606,0.9171,1.15,1.02,1.07,8.05,156.58
0.9,0.3264,1.2087,18.19,1.11,0.14,-0.08,91.03
1.01,0.4296,1.7662,2.37,2.77,3.54,7.26,344.49
1.01,-0.077,0.032,0.51,0.88,8.84,3.7,192.52
1.04,2.5903,1.4459,2.51,0.94,0.55,10.72,274.39
0.76,0.3719,0.3073,3.49,0.73,0.82,6.07,112.05
0.96,0.1595,1.6272,0.88,1.33,0.29,3.59,50.92
0.87,2.639,1.6144,3.86,0.82,1.32,7.41,342.33
0.74,3.0699,0.9958,1.74,1.09,2.43,10.93,387.33
1.21,1.3705,1.364,2.2,0.71,1.97,9.98,189.88
0.96,1.7251,1.5569,2.23,1.1,1.71,9.79,179.01
0.89,3.6933,1.7848,2.16,0.72,0.91,7.08,378.36
0.98,0.3137,0.0119,1.01,0.94,8.71,4.62,290.92
0.98,1.7034,0.8304,2.09,1.42,4.3,4.95,292.56
1.04,0.6681,0.612,0.65,2.94,-0.0,3.47,144.62
1.26,0.2841,0.2808,2.16,0.95,1.39,8.29,213.11
0.96,0.413,1.5725,0.49,1.21,0.55,1.91,14.24
0.99,1.2328,0.7024,1.95,1.02,5.82,6.24,287.14
1.0,2.9469,1.7357,2.69,0.91,1.95,5.65,392.45
1.12,0.384,0.2527,2.9,1.01,8.0,6.62,360.94
1.01,0.3914,1.5073,0.46,1.15,-0.04,4.02,12.98
1.08,0.3382,-0.0709,1.1,0.76,1.41,23.1,237.96
1.05,4.1961,2.1701,2.33,1.12,0.48,17.88,233.68
0.99,3.0276,1.6347,2.58,0.87,1.8,5.86,390.96
1.4,1.2636,0.2985,5.04,0.62,1.31,25.18,216.29
1.08,1.7737,1.545,1.32,0.99,1.17,4.36,209.64
0.98,0.3597,1.544,0.67,1.22,0.69,1.67,12.25
1.15,1.5817,1.0306,1.28,0.87,1.39,8.04,144.92
0.91,1.1457,0.5448,1.55,0.83,0.86,9.21,201.54
1.26,0.9248,0.6402,2.42,0.6,4.29,14.02,411.82
0.92,2.411,1.2343,2.06,1.03,0.92,4.47,348.68
1.09,0.2069,0.8668,3.58,0.5,3.13,6.63,267.13
1.02,0.3048,1.5976,0.79,1.35,0.12,1.5,6.06
0.74,1.3016,1.1326,0.72,1.01,0.23,9.21,166.75
1.01,2.4683,1.8613,2.86,1.21,6.24,9.23,343.89
0.93,1.9514,1.0609,1.96,0.99,0.44,5.65,372.32
0.98,0.4923,0.3363,3.04,1.53,15.71,1.25,436.41
1.01,1.1638,0.5672,1.52,0.88,0.15,3.57,290.98
0.99,1.7597,1.3371,2.28,0.91,-0.35,4.11,189.92
0.9,3.3705,1.5764,2.08,1.02,2.07,9.76,373.21
1.0,0.1239,0.7042,3.72,0.5,2.6,6.38,264.81
1.05,0.5972,0.8299,4.2,0.44,5.72,8.22,247.76
1.0,1.5492,1.2132,1.27,0.8,0.59,9.0,237.37
1.33,0.7707,0.8672,1.48,1.08,6.46,14.51,523.42
0.8,1.3696,0.6229,2.75,0.82,5.17,9.46,237.22
0.6,1.8557,1.2253,1.73,1.44,1.2,17.13,187.78
1.03,0.8921,0.6087,4.85,0.69,6.03,8.76,248.17
1.05,1.8736,0.9806,2.41,1.67,2.04,19.17,312.92
0.9,1.6782,0.8697,2.09,1.38,1.68,18.68,315.39
1.05,0.4038,0.2187,2.76,0.55,1.91,8.63,213.2
1.07,0.4013,1.3665,0.68,0.99,1.51,2.91,24.82
1.28,1.2131,0.7134,1.4,0.51,0.61,12.22,235.13
0.95,3.0119,1.6077,2.46,0.86,1.91,5.96,405.71
1.01,0.4562,0.413,2.04,1.1,8.01,6.15,380.38
0.98,0.4287,1.4652,0.47,1.27,0.8,2.32,19.55
0.93,0.7304,0.9763,3.57,1.03,0.96,18.05,261.97
1.17,2.1939,1.2879,3.61,0.84,0.49,8.07,300.39
1.01,0.3287,1.5663,0.57,1.23,0.18,3.37,34.77
0.96,0.2798,1.6581,0.42,1.2,0.71,1.94,23.69
0.99,3.0886,1.569,1.85,0.77,1.81,5.42,397.74
1.38,0.3865,0.09,2.61,1.13,15.76,2.55,454.94
0.96,0.2898,1.6036,0.66,1.44,-0.29,2.31,3.4
1.02,1.1608,0.6881,2.27,1.0,3.91,14.05,421.79
0.99,1.7946,1.5884,0.67,2.51,-0.16,3.56,223.69
0.72,3.1006,1.5462,2.24,0.78,2.04,9.94,330.62
0.99,1.9106,1.6514,0.73,1.1,-0.31,6.21,317.69
0.89,3.5108,1.7747,1.98,0.73,1.31,7.24,375.58
1.37,0.9075,2.6397,25.81,1.91,-0.14,7.88,157.84
1.03,1.4792,0.9013,2.19,0.83,0.7,4.74,428.49
1.32,0.6534,0.1107,35.36,0.88,0.39,10.84,108.51
0.98,0.1647,1.0562,35.23,0.76,-0.2,11.12,104.28
1.23,1.4823,1.0907,4.36,0.99,1.76,16.59,294.96
0.97,0.8521,0.8279,3.67,0.98,1.23,17.64,271.11
1.01,0.6115,1.0449,7.19,1.29,0.62,7.74,161.46
0.88,1.8685,1.2673,4.19,0.94,2.2,15.92,296.68
1.0,0.3747,1.5051,0.54,1.21,0.41,2.27,8.09
1.68,0.6699,0.8548,18.18,0.65,-0.02,-0.16,70.64
1.24,0.8536,0.9757,2.49,1.01,1.73,23.62,226.6
0.96,0.5952,0.3652,2.79,1.54,15.68,1.8,449.1
1.0,1.5045,0.4929,2.5,0.94,5.57,9.09,237.23
0.98,0.4304,0.5949,2.62,1.08,7.82,10.37,240.82
0.79,1.5628,1.0699,2.15,1.16,4.56,13.69,407.33
0.71,1.9556,1.7752,4.28,0.67,3.43,13.56,290.39
1.0,1.7599,1.2345,2.08,0.88,0.0,4.65,178.15
1.27,2.8849,1.6542,2.37,0.72,6.01,8.94,335.11
1.07,2.4765,1.3333,2.17,0.68,0.67,11.05,271.05
1.03,0.37,1.6288,0.55,1.25,0.45,1.66,13.5
1.22,1.8077,1.2356,1.29,1.35,6.0,15.57,284.62
1.1,1.0432,0.6969,1.99,0.92,7.14,6.41,247.61
0.9,0.6586,0.3014,0.58,0.77,2.51,13.06,335.43
0.86,1.3323,0.8835,2.22,0.91,9.02,8.7,190.6
1.87,0.0722,2.258,26.47,1.23,-0.05,8.26,145.81
1.2,1.4952,1.0116,2.33,1.19,4.01,13.95,399.28
0.77,1.4796,1.0769,2.23,1.15,4.46,13.69,418.27
0.6,1.7453,1.1862,2.17,1.43,1.0,17.37,179.02
1.39,0.2141,0.3512,1.4,0.5,17.08,2.44,472.1
0.96,2.0023,0.8938,2.32,0.96,1.17,5.42,384.93
1.14,1.4831,0.6568,2.01,0.99,0.81,5.27,432.53
0.89,0.6948,0.0567,3.12,1.61,16.75,2.63,478.52
1.01,1.5451,0.9735,2.18,1.01,8.01,20.3,284.4
0.76,1.6326,0.9783,2.05,0.86,0.61,6.33,233.51
0.94,1.6888,0.7429,0.05,1.03,8.96,15.29,241.95
0.95,1.6417,0.9566,2.53,0.41,5.79,9.27,241.29
1.11,2.1306,1.5086,3.4,0.53,-0.24,8.31,290.44
1.19,0.5598,0.3614,1.78,0.89,1.24,8.66,216.11
1.01,1.7781,1.3958,0.71,2.53,0.07,3.55,218.48
0.9,2.4103,1.2573,2.62,1.03,1.03,10.99,313.12
0.9,3.2921,1.7295,2.15,0.82,0.95,7.1,370.07
1.06,1.1254,0.5272,2.66,0.98,5.36,6.48,293.15
1.05,0.5787,0.7579,1.98,1.9,10.77,4.98,198.88
1.0,1.7281,1.1696,2.33,1.05,-0.1,4.82,174.65
1.01,2.2615,1.1872,2.35,1.04,1.47,4.79,346.31
0.8,0.9511,0.5667,3.59,1.51,-0.1,10.41,95.13
0.93,1.0566,0.4447,0.89,0.97,0.15,6.67,137.04
0.91,1.9619,1.02,1.93,0.95,1.09,5.25,383.4
1.05,0.9451,0.3928,1.7,0.66,2.05,21.8,257.82
0.75,1.3233,1.1374,1.36,1.15,0.32,9.04,156.21
1.22,1.0361,0.6316,2.33,0.65,4.15,13.74,411.68
1.27,1.9383,0.6542,4.47,0.89,2.45,16.23,301.18
1.04,1.8967,0.8193,1.68,0.94,0.84,5.79,270.03
1.01,2.004,1.0362,1.88,0.97,0.6,5.94,377.24
0.99,1.1628,0.4709,1.67,0.98,6.37,15.25,527.52
0.99,0.6529,0.5047,4.49,0.69,5.98,8.65,236.5
1.1,2.7683,1.5762,3.59,1.02,0.98,7.5,363.3
1.26,2.9059,1.6736,2.29,0.72,6.1,9.06,341.93
1.05,1.9564,1.0962,1.57,1.39,1.69,18.96,300.3
0.97,2.0891,0.8847,2.2,0.95,0.56,5.74,391.9
0.6,3.2615,1.7314,1.86,0.89,2.81,9.81,339.3
1.11,2.8362,1.687,3.53,0.82,0.96,7.41,349.64
0.98,1.0477,0.3962,1.62,1.42,5.93,15.68,567.26
0.99,1.6118,0.8814,2.19,1.46,4.23,5.11,304.09
1.01,0.3928,1.55,0.79,1.2,0.54,1.56,9.01
1.07,1.6707,0.8399,1.27,1.29,6.64,15.02,275.42
0.92,1.0494,0.4973,1.96,1.13,6.93,6.64,273.88
1.03,1.9543,1.7336,0.39,1.26,-0.01,6.11,312.32
0.97,0.3333,1.5575,0.66,1.44,-0.2,1.62,2.66
0.7,0.1835,1.4028,35.01,-0.59,0.41,10.78,113.78
1.01,0.2719,1.6627,0.46,1.32,0.2,1.36,-6.1
0.91,1.0926,0.4581,0.51,1.01,0.15,7.28,143.61
1.07,0.3458,1.4067,0.19,1.01,1.21,2.85,14.14
0.99,1.5668,1.2017,1.46,0.84,0.75,9.2,239.67
0.64,1.2705,1.5824,0.59,1.62,1.95,21.6,253.93
1.02,1.8109,1.2388,2.22,1.03,0.19,4.22,175.07
0.94,2.4833,1.4806,4.06,0.75,-0.24,8.11,292.62
1.02,1.8351,1.138,2.66,1.06,0.14,4.2,184.65
1.63,0.7362,0.8069,3.75,0.98,1.03,16.13,254.79
1.01,0.8521,0.6754,4.03,1.46,8.54,8.95,311.06
0.89,0.9933,0.7192,1.28,1.08,6.42,15.8,545.29
1.0,0.9387,0.6736,2.1,1.03,1.59,9.0,179.58
0.99,0.4639,0.9179,3.93,0.9,7.9,6.08,224.69
0.96,0.3129,1.6714,1.14,1.23,0.4,1.55,19.67
0.89,0.3483,0.2282,3.06,0.77,1.21,5.49,125.84
1.01,1.8854,1.5681,0.8,1.21,0.52,6.52,324.32
1.02,0.85,0.6346,4.02,0.82,0.92,18.28,267.6
1.01,2.323,1.3036,2.51,0.87,8.71,7.89,262.18
0.84,1.5911,1.0556,2.38,1.16,4.26,14.12,410.93
0.97,0.4786,1.6987,0.8,1.19,0.26,1.56,21.97
1.01,0.3003,1.6365,1.97,2.79,3.19,8.07,333.48
0.92,2.0929,0.9264,2.15,0.99,0.48,5.33,388.4
1.01,1.6068,2.5352,11.59,0.98,14.55,5.61,440.76
1.06,4.2084,2.1827,2.08,1.05,0.58,18.01,230.79
0.97,0.254,1.5073,0.89,1.27,-0.22,3.88,20.16
0.88,1.9198,1.2158,4.43,0.89,2.75,16.55,307.56
0.91,0.7738,0.5544,2.95,1.52,9.89,3.88,230.16
0.82,1.3546,0.7198,2.64,0.88,5.45,8.75,235.87
1.05,0.9401,0.4008,2.04,0.6,2.31,21.83,256.15
1.02,0.8367,0.6555,0.35,2.93,0.01,4.06,151.71
0.32,1.7346,0.7151,1.74,0.84,5.2,21.48,354.15
1.0,1.5376,0.8347,2.3,1.01,8.44,20.51,292.94
1.26,1.2202,1.7694,4.16,0.94,3.22,12.43,292.55
0.99,1.209,1.0638,0.51,0.84,1.65,8.3,215.4
1.27,1.2674,1.6923,3.97,0.91,3.07,12.95,286.26
0.86,0.2512,1.1762,7.08,1.04,0.9,6.84,145.86
1.08,1.1739,0.5402,2.02,0.94,5.63,6.26,289.56
1.27,1.9054,0.6656,4.32,0.85,2.37,16.25,310.99
1.1,1.6103,0.7942,0.34,1.33,6.6,15.13,280.58
1.03,0.4743,0.6201,2.63,1.25,3.94,8.65,152.66
0.94,0.4989,0.5246,3.07,1.37,7.35,10.86,259.1
0.79,2.8662,4.4207,0.51,1.03,2.16,8.75,358.52
0.9,3.2851,1.728,2.33,0.82,0.71,7.26,370.38
1.0,1.6133,1.5045,1.85,1.03,1.39,4.99,225.35
1.04,1.8023,1.0355,1.99,1.63,1.91,19.17,301.09
0.92,1.2964,1.0855,1.25,1.18,0.72,7.8,161.49
0.9,3.0374,1.5061,2.28,0.97,2.38,10.06,360.16
0.86,1.3702,0.8701,2.88,0.96,9.46,9.11,192.03
0.79,2.9033,4.4704,0.31,1.06,1.93,8.14,360.3
0.97,0.1542,1.4662,0.87,1.23,-0.2,3.94,16.73
0.83,0.8557,1.6428,6.01,1.48,5.98,6.72,250.81
0.9,0.742,0.0956,3.18,1.66,16.64,2.45,474.11
1.01,2.3676,1.4637,3.28,0.68,0.56,7.83,286.22
0.95,-0.0174,0.4685,2.34,1.45,16.92,3.18,473.71
0.81,1.3756,1.2215,0.58,1.26,-0.1,9.74,163.93
1.0,0.4181,2.8793,26.21,1.11,0.05,8.2,142.79
0.64,3.1805,2.1236,2.81,0.92,1.53,6.98,244.82
0.94,3.0529,1.4953,2.65,0.83,1.55,5.44,397.79
1.0,1.6503,0.8291,2.03,1.41,4.31,4.98,290.08
0.71,1.194,0.568,1.76,1.22,9.44,14.69,246.07
0.99,1.9831,1.9997,4.34,0.91,9.19,6.53,323.65
1.0,1.2889,0.928,2.44,0.92,9.16,8.06,197.16
1.01,0.264,1.3561,0.54,1.02,0.91,3.0,35.68
1.0,1.8173,1.1509,2.7,0.97,-0.11,4.15,177.98
1.21,-0.0539,0.0055,1.08,0.65,0.4,2.04,-14.28
0.93,2.9338,1.4356,2.07,1.02,1.05,10.78,282.07
1.03,0.2824,0.9994,17.86,0.77,0.11,0.3,81.45
1.01,2.1181,0.7971,1.28,1.14,3.69,17.71,263.16
0.81,1.3367,1.3651,0.38,1.24,-0.03,8.44,167.45
1.45,4.4177,2.0375,2.15,1.31,1.18,17.43,211.65
1.38,1.0372,0.3663,1.96,0.7,6.31,15.01,563.66
1.19,1.0391,1.7642,5.96,1.35,5.97,6.59,276.25
1.29,1.2067,0.722,1.14,0.48,0.86,12.15,246.48
0.92,2.7658,1.5633,2.94,1.0,2.33,9.31,358.15
0.97,0.4291,1.6198,0.71,1.23,0.73,2.08,9.62
0.78,2.9137,4.3625,0.29,0.85,1.93,8.3,373.71
1.11,1.208,0.6751,1.31,0.83,7.06,6.62,264.49
0.98,1.26,0.6509,1.95,1.07,0.51,4.28,349.19
0.78,1.0431,0.744,2.75,0.58,3.63,12.01,402.56
